Company Location,Company Country Name
France,France
U.S.A.,United States of America
Fiji,Fiji
Ecuador,Ecuador
Mexico,Mexico
Switzerland,Switzerland
Netherlands,Netherlands
Spain,Spain
Peru,Peru
Canada,Canada
Italy,Italy
Brazil,Brazil
U.K.,United Kingdom of Great Britain and Northern Ireland
Australia,Australia
Wales,United Kingdom of Great Britain and Northern Ireland
Belgium,Belgium
Germany,Germany
Russia,Russian Federation
Puerto Rico,Puerto Rico
Venezuela,Venezuela (Bolivarian Republic of)
Colombia,Colombia
Japan,Japan
New Zealand,New Zealand
Costa Rica,Costa Rica
South Korea,Korea (Republic of)
Amsterdam,Netherlands
Scotland,United Kingdom of Great Britain and Northern Ireland
Martinique,Martinique
Sao Tome,Sao Tome and Principe
Argentina,Argentina
Guatemala,Guatemala
South Africa,South Africa
Bolivia,Plurinational State of Bolivia
St. Lucia,Saint Lucia
Portugal,Portugal
Singapore,Singapore
Denmark,Denmark
Vietnam,Viet Nam
Grenada,Grenada
Israel,Israel
India,India
Czech Republic,Czech Republic
Domincan Republic,Dominican Republic
Finland,Finland
Madagascar,Madagascar
Philippines,Philippines
Sweden,Sweden
Poland,Poland
Austria,Austria
Honduras,Honduras
Nicaragua,Nicaragua
Lithuania,Lithuania
Niacragua,Nicaragua
Chile,Chile
Ghana,Ghana
Iceland,Iceland
Eucador,Ecuador
Hungary,Hungary
Suriname,Suriname
Ireland,United Kingdom of Great Britain and Northern Ireland
U.A.E.,United Arab Emirates
